ticker,date,open,high,low,close
ELF,2022-05-15,0.15986,0.164852,0.155551,0.164303
ELF,2022-05-16,0.164003,0.168814,0.14989,0.155098
ELF,2022-05-17,0.155198,0.162621,0.154998,0.161406
ELF,2022-05-18,0.16169,0.177769,0.148107,0.149605
ELF,2022-05-19,0.14959,0.15566,0.137535,0.151663
ELF,2022-05-20,0.151763,0.173709,0.145511,0.152302
ELF,2022-05-21,0.152317,0.155697,0.148422,0.153001
ELF,2022-05-22,0.153101,0.166899,0.152701,0.161106
ELF,2022-05-23,0.161206,0.17033,0.161206,0.164885
ELF,2022-05-24,0.162788,0.162804,0.147223,0.158594
ELF,2022-05-25,0.158494,0.162173,0.154015,0.159908
ELF,2022-05-26,0.160008,0.162305,0.145126,0.153946
ELF,2022-05-27,0.154046,0.237538,0.148052,0.154645
ELF,2022-05-28,0.154822,0.15824,0.146339,0.151424
ELF,2022-05-29,0.151619,0.153231,0.147652,0.150333
ELF,2022-05-30,0.150631,0.163685,0.150239,0.16207
ELF,2022-05-31,0.16177,0.165468,0.157874,0.160871
ELF,2022-06-01,0.161479,0.183246,0.158541,0.158541
ELF,2022-06-02,0.158564,0.252572,0.157358,0.174643
ELF,2022-06-03,0.174842,0.187857,0.169639,0.174348
ELF,2022-06-04,0.17435,0.189412,0.170265,0.170572
ELF,2022-06-05,0.17067,0.210119,0.166865,0.179931
ELF,2022-06-06,0.179731,0.20191,0.179049,0.187442
ELF,2022-06-07,0.18824,0.197634,0.171463,0.18186
ELF,2022-06-08,0.182054,0.184291,0.172383,0.174287
ELF,2022-06-09,0.174387,0.209624,0.172772,0.175652
ELF,2022-06-10,0.175451,0.179446,0.159025,0.16369
ELF,2022-06-11,0.163692,0.167519,0.145419,0.151028
ELF,2022-06-12,0.151627,0.152627,0.137629,0.142723
ELF,2022-06-13,0.142724,0.145315,0.119421,0.124327
ELF,2022-06-14,0.124427,0.128804,0.116823,0.121554
ELF,2022-06-15,0.121555,0.142378,0.1184,0.132601
ELF,2022-06-16,0.132714,0.14133,0.126448,0.132514
ELF,2022-06-17,0.128721,0.141219,0.127622,0.134838
ELF,2022-06-18,0.134838,0.137438,0.117928,0.1234
ELF,2022-06-19,0.1233,0.135138,0.122818,0.132527
ELF,2022-06-20,0.132541,0.136949,0.128333,0.133853
ELF,2022-06-21,0.133753,0.151863,0.132641,0.142258
ELF,2022-06-22,0.142443,0.142757,0.133553,0.134465
ELF,2022-06-23,0.134465,0.141558,0.134252,0.138861
ELF,2022-06-24,0.137362,0.145074,0.137263,0.143487
ELF,2022-06-25,0.143188,0.177481,0.141104,0.151294
ELF,2022-06-26,0.151494,0.151895,0.143512,0.14461
ELF,2022-06-27,0.143414,0.15667,0.140015,0.146668
ELF,2022-06-28,0.150263,0.15566,0.144927,0.14652
ELF,2022-06-29,0.146317,0.146618,0.139212,0.144525
ELF,2022-06-30,0.142228,0.195451,0.135826,0.144926
ELF,2022-07-01,0.145226,0.189235,0.142115,0.160523
ELF,2022-07-02,0.160623,0.171811,0.14962,0.14992
ELF,2022-07-03,0.15002,0.16878,0.143214,0.160891
ELF,2022-07-04,0.16129,0.25377,0.156396,0.201558
ELF,2022-07-05,0.200859,0.201857,0.188374,0.189491
ELF,2022-07-06,0.189891,0.193187,0.182599,0.186495
ELF,2022-07-07,0.187793,0.192488,0.171611,0.190086
ELF,2022-07-08,0.182672,0.277733,0.180519,0.219168
ELF,2022-07-09,0.219668,0.229639,0.210873,0.212872
ELF,2022-07-10,0.212972,0.241755,0.207975,0.226864
ELF,2022-07-11,0.227463,0.294793,0.217847,0.256169
ELF,2022-07-12,0.256169,0.310489,0.206194,0.206194
ELF,2022-07-13,0.205503,0.2056,0.176323,0.182336
ELF,2022-07-14,0.182036,0.190029,0.173361,0.180192
ELF,2022-07-15,0.180292,0.185289,0.175894,0.180046
ELF,2022-07-16,0.180346,0.183963,0.176329,0.181664
ELF,2022-07-17,0.181751,0.183065,0.176267,0.178552
ELF,2022-07-18,0.178652,0.187477,0.177142,0.181058
ELF,2022-07-19,0.181057,0.1884,0.178987,0.18803
ELF,2022-07-20,0.188,0.201822,0.181898,0.187009
ELF,2022-07-21,0.186922,0.18783,0.172517,0.180038
ELF,2022-07-22,0.180245,0.180934,0.173433,0.175539
ELF,2022-07-23,0.1752,0.177218,0.171585,0.173335
ELF,2022-07-24,0.173435,0.176309,0.173302,0.174335
ELF,2022-07-25,0.174733,0.176133,0.161718,0.164613
ELF,2022-07-26,0.164415,0.165707,0.151905,0.155523
ELF,2022-07-27,0.155623,0.166242,0.155523,0.16514
ELF,2022-07-28,0.16514,0.171838,0.162818,0.169532
ELF,2022-07-29,0.169636,0.17101,0.164233,0.166068
ELF,2022-07-30,0.166168,0.177166,0.166066,0.169858
ELF,2022-07-31,0.169951,0.17786,0.167245,0.171339
ELF,2022-08-01,0.171441,0.18485,0.168864,0.177953
ELF,2022-08-02,0.177852,0.182571,0.165963,0.171629
ELF,2022-08-03,0.171634,0.172654,0.166742,0.171843
ELF,2022-08-04,0.171739,0.17513,0.168951,0.169805
ELF,2022-08-05,0.169607,0.176333,0.169607,0.174533
ELF,2022-08-06,0.174535,0.177807,0.174335,0.176941
ELF,2022-08-07,0.177241,0.177934,0.173828,0.177132
ELF,2022-08-08,0.177034,0.179634,0.174624,0.177521
ELF,2022-08-09,0.177428,0.180132,0.168925,0.171134
ELF,2022-08-10,0.170836,0.178643,0.166547,0.178152
ELF,2022-08-11,0.178052,0.202459,0.17755,0.181785
ELF,2022-08-12,0.182273,0.185285,0.178589,0.185285
ELF,2022-08-13,0.185585,0.185893,0.181782,0.183071
ELF,2022-08-14,0.183162,0.189457,0.180441,0.182357
ELF,2022-08-15,0.181058,0.192152,0.178543,0.181742
ELF,2022-08-16,0.181642,0.201514,0.179339,0.186117
ELF,2022-08-17,0.186017,0.190425,0.175398,0.177314
ELF,2022-08-18,0.177814,0.183509,0.175282,0.176005
ELF,2022-08-19,0.176018,0.176418,0.150215,0.150915
ELF,2022-08-20,0.151408,0.155216,0.145588,0.146499
ELF,2022-08-21,0.146496,0.154255,0.1463,0.152495
ELF,2022-08-22,0.152397,0.152902,0.14229,0.145574
ELF,2022-08-23,0.145678,0.148915,0.144596,0.148503
ELF,2022-08-24,0.148599,0.151111,0.14579,0.150414
ELF,2022-08-25,0.150511,0.160795,0.148699,0.154705
ELF,2022-08-26,0.154702,0.156313,0.143513,0.143813
ELF,2022-08-27,0.143514,0.143814,0.138019,0.138703
ELF,2022-08-28,0.138901,0.154402,0.138803,0.1417
ELF,2022-08-29,0.1416,0.14462,0.137892,0.14301
ELF,2022-08-30,0.143014,0.1473,0.139115,0.141713
ELF,2022-08-31,0.141611,0.146303,0.14151,0.145
ELF,2022-09-01,0.144901,0.144996,0.139004,0.142394
ELF,2022-09-02,0.142493,0.145699,0.140308,0.141624
ELF,2022-09-03,0.141823,0.141924,0.1401,0.141514
ELF,2022-09-04,0.1416,0.1422,0.1394,0.141414
ELF,2022-09-05,0.1413,0.1424,0.1396,0.140514
ELF,2022-09-06,0.1402,0.1427,0.134087,0.1346
ELF,2022-09-07,0.134608,0.1356,0.129994,0.135409
ELF,2022-09-08,0.135409,0.155214,0.135101,0.142021
ELF,2022-09-09,0.142023,0.147429,0.141517,0.146048
ELF,2022-09-10,0.146161,0.148255,0.145454,0.147128
ELF,2022-09-11,0.147431,0.155747,0.146545,0.151938
ELF,2022-09-12,0.152038,0.165528,0.14973,0.153631
ELF,2022-09-13,0.153528,0.154629,0.13951,0.140303
ELF,2022-09-14,0.140203,0.144396,0.139203,0.141335
ELF,2022-09-15,0.141037,0.142421,0.135474,0.136986
ELF,2022-09-16,0.136993,0.137196,0.134873,0.136386
ELF,2022-09-17,0.136586,0.138714,0.136086,0.138314
ELF,2022-09-18,0.1382,0.138814,0.1319,0.1322
ELF,2022-09-19,0.131987,0.133127,0.126887,0.132613
ELF,2022-09-20,0.132226,0.133327,0.1296,0.129713
ELF,2022-09-21,0.129713,0.134313,0.1279,0.1284
ELF,2022-09-22,0.128113,0.1329,0.1278,0.132
ELF,2022-09-23,0.1321,0.134987,0.129787,0.1324
ELF,2022-09-24,0.132592,0.133904,0.131999,0.132611
ELF,2022-09-25,0.132613,0.133408,0.130099,0.1301
ELF,2022-09-26,0.130101,0.131,0.128,0.1299
ELF,2022-09-27,0.1299,0.1339,0.129187,0.129487
ELF,2022-09-28,0.129487,0.1308,0.127087,0.1307
ELF,2022-09-29,0.1303,0.1308,0.128013,0.1301
ELF,2022-09-30,0.1301,0.131713,0.1292,0.1292
ELF,2022-10-01,0.1292,0.132113,0.1291,0.1302
ELF,2022-10-02,0.1304,0.130513,0.1285,0.1291
ELF,2022-10-03,0.1291,0.130313,0.1281,0.130026
ELF,2022-10-04,0.130013,0.13274,0.1299,0.13254
ELF,2022-10-05,0.13244,0.13274,0.1301,0.131526
ELF,2022-10-06,0.131618,0.133124,0.131317,0.131322
ELF,2022-10-07,0.131322,0.132304,0.129701,0.13172
ELF,2022-10-08,0.132009,0.139917,0.131711,0.133736
ELF,2022-10-09,0.133735,0.134127,0.1329,0.133327
ELF,2022-10-10,0.133327,0.133727,0.130174,0.1303
ELF,2022-10-11,0.1303,0.1303,0.126981,0.126989
ELF,2022-10-12,0.127185,0.127696,0.126491,0.126704
ELF,2022-10-13,0.126704,0.127099,0.118489,0.12431
ELF,2022-10-14,0.124311,0.126514,0.123707,0.124102
ELF,2022-10-15,0.124105,0.124511,0.123309,0.123506
ELF,2022-10-16,0.123487,0.128899,0.123295,0.126905
ELF,2022-10-17,0.126706,0.131303,0.125701,0.128703
ELF,2022-10-18,0.128604,0.131309,0.128204,0.129308
ELF,2022-10-19,0.129404,0.129606,0.126492,0.1267
ELF,2022-10-20,0.126801,0.126804,0.124889,0.125486
ELF,2022-10-21,0.125489,0.125492,0.121389,0.123909
ELF,2022-10-22,0.124009,0.125609,0.123706,0.125211
ELF,2022-10-23,0.12501,0.126914,0.123704,0.126616
ELF,2022-10-24,0.126916,0.127912,0.125306,0.127105
ELF,2022-10-25,0.127004,0.132945,0.127004,0.131542
ELF,2022-10-26,0.131342,0.13395,0.130229,0.132636
ELF,2022-10-27,0.132536,0.135731,0.132205,0.132608
ELF,2022-10-28,0.132508,0.133127,0.129709,0.132828
ELF,2022-10-29,0.132724,0.134251,0.132524,0.133231
ELF,2022-10-30,0.133232,0.13364,0.131324,0.131626
ELF,2022-10-31,0.131626,0.1322,0.129686,0.13049
ELF,2022-11-01,0.130492,0.132067,0.130288,0.131187
ELF,2022-11-02,0.131286,0.131874,0.127692,0.127892
ELF,2022-11-03,0.127792,0.131296,0.127792,0.1301
ELF,2022-11-04,0.130099,0.135504,0.129486,0.135208
ELF,2022-11-05,0.135111,0.138114,0.134712,0.135807
ELF,2022-11-06,0.135804,0.135805,0.133704,0.134011
ELF,2022-11-07,0.133809,0.133811,0.129813,0.130114
ELF,2022-11-08,0.130139,0.1308,0.110644,0.114944
ELF,2022-11-09,0.114944,0.116719,0.104326,0.109432
ELF,2022-11-10,0.109417,0.133045,0.107532,0.117209
ELF,2022-11-11,0.117101,0.133791,0.109438,0.111022
ELF,2022-11-12,0.111122,0.113545,0.108305,0.109403
ELF,2022-11-13,0.109203,0.117647,0.107393,0.113541
ELF,2022-11-14,0.113364,0.119357,0.108726,0.117224
ELF,2022-11-15,0.117224,0.125674,0.116537,0.122378
ELF,2022-11-16,0.122351,0.12275,0.117075,0.118989
ELF,2022-11-17,0.119089,0.1195,0.116589,0.118008
ELF,2022-11-18,0.117908,0.123599,0.117904,0.12146
ELF,2022-11-19,0.12156,0.124366,0.120756,0.124269
ELF,2022-11-20,0.124371,0.125456,0.118621,0.118819
ELF,2022-11-21,0.118918,0.120719,0.117422,0.119057
ELF,2022-11-22,0.119156,0.121552,0.117747,0.121352
ELF,2022-11-23,0.121544,0.123957,0.12124,0.123864
ELF,2022-11-24,0.123963,0.125175,0.121995,0.123097
ELF,2022-11-25,0.123095,0.126509,0.122893,0.12423
ELF,2022-11-26,0.124327,0.124836,0.124017,0.124227
ELF,2022-11-27,0.124028,0.12652,0.122327,0.123122
ELF,2022-11-28,0.123021,0.124929,0.117335,0.120554
ELF,2022-11-29,0.120453,0.122335,0.119651,0.120955
ELF,2022-11-30,0.121054,0.124626,0.120759,0.124405
ELF,2022-12-01,0.124405,0.125012,0.120613,0.121707
ELF,2022-12-02,0.121607,0.122112,0.118912,0.121005
ELF,2022-12-03,0.121007,0.122012,0.118812,0.119112
ELF,2022-12-04,0.119124,0.121136,0.118912,0.120224
ELF,2022-12-05,0.120224,0.122904,0.120012,0.122802
ELF,2022-12-06,0.122802,0.1317,0.1228,0.129897
ELF,2022-12-07,0.129797,0.1301,0.1269,0.1283
ELF,2022-12-08,0.1283,0.131818,0.128201,0.130509
ELF,2022-12-09,0.130713,0.133208,0.129699,0.129905
ELF,2022-12-10,0.130107,0.137301,0.129592,0.135597
ELF,2022-12-11,0.135599,0.1378,0.132513,0.132613
ELF,2022-12-12,0.132727,0.132827,0.1306,0.131512
ELF,2022-12-13,0.131609,0.134544,0.131425,0.134468
ELF,2022-12-14,0.134457,0.1367,0.134372,0.135709
ELF,2022-12-15,0.1357,0.140528,0.135214,0.140228
ELF,2022-12-16,0.140128,0.144114,0.138714,0.139814
ELF,2022-12-17,0.139814,0.145313,0.137214,0.138418
ELF,2022-12-18,0.138519,0.143617,0.138203,0.142118
ELF,2022-12-19,0.141818,0.145703,0.1345,0.1456
ELF,2022-12-20,0.1453,0.147703,0.139406,0.139806
ELF,2022-12-21,0.139806,0.145301,0.1388,0.144706
ELF,2022-12-22,0.144907,0.146194,0.144586,0.145077
ELF,2022-12-23,0.145078,0.150885,0.144981,0.150483
ELF,2022-12-24,0.150383,0.150886,0.149982,0.150189
ELF,2022-12-25,0.150151,0.152575,0.149876,0.152017
ELF,2022-12-26,0.152182,0.152486,0.149862,0.14991
ELF,2022-12-27,0.15,0.150488,0.141649,0.141945
ELF,2022-12-28,0.141943,0.149245,0.141639,0.14722
ELF,2022-12-29,0.147222,0.158018,0.145211,0.150732
ELF,2022-12-30,0.150532,0.165417,0.149932,0.154621
ELF,2022-12-31,0.154621,0.16032,0.149827,0.15642
ELF,2023-01-01,0.15642,0.157813,0.153512,0.157026
ELF,2023-01-02,0.157026,0.169131,0.155136,0.16215
ELF,2023-01-03,0.162146,0.164747,0.159834,0.162437
ELF,2023-01-04,0.162437,0.169244,0.160734,0.169144
ELF,2023-01-05,0.168844,0.169244,0.164641,0.167241
ELF,2023-01-06,0.16734,0.175928,0.16724,0.169248
ELF,2023-01-07,0.169146,0.170549,0.16595,0.16766
ELF,2023-01-08,0.167671,0.167671,0.163882,0.165175
ELF,2023-01-09,0.165472,0.170668,0.165472,0.168998
ELF,2023-01-10,0.169,0.17048,0.167682,0.169124
ELF,2023-01-11,0.16913,0.1717,0.168398,0.171397
ELF,2023-01-12,0.171388,0.172283,0.166788,0.170617
ELF,2023-01-13,0.170817,0.175721,0.169876,0.174716
ELF,2023-01-14,0.174716,0.184531,0.174614,0.180209
ELF,2023-01-15,0.180613,0.189528,0.178028,0.186156
ELF,2023-01-16,0.186154,0.189357,0.179011,0.181404
ELF,2023-01-17,0.181404,0.182402,0.178898,0.18022
ELF,2023-01-18,0.180218,0.18422,0.173576,0.174591
ELF,2023-01-19,0.17459,0.181004,0.172898,0.180493
ELF,2023-01-20,0.180311,0.185135,0.178096,0.184931
ELF,2023-01-21,0.184931,0.186635,0.182455,0.184235
ELF,2023-01-22,0.183429,0.184117,0.180336,0.180436
ELF,2023-01-23,0.180534,0.181725,0.178916,0.180929
ELF,2023-01-24,0.180925,0.186222,0.180222,0.181405
ELF,2023-01-25,0.181305,0.184133,0.174628,0.180929
ELF,2023-01-26,0.180731,0.182335,0.177525,0.178714
ELF,2023-01-27,0.178614,0.195855,0.177416,0.18397
ELF,2023-01-28,0.18377,0.224258,0.183762,0.192238
ELF,2023-01-29,0.192138,0.193044,0.186243,0.188408
ELF,2023-01-30,0.187409,0.188317,0.175396,0.175712
ELF,2023-01-31,0.175812,0.177809,0.175418,0.176918
ELF,2023-02-01,0.176812,0.184809,0.175402,0.183911
ELF,2023-02-02,0.183911,0.187519,0.183122,0.183937
ELF,2023-02-03,0.183939,0.190117,0.183528,0.190115
ELF,2023-02-04,0.189915,0.205514,0.189615,0.201416
ELF,2023-02-05,0.201718,0.215143,0.191852,0.193948
ELF,2023-02-06,0.193948,0.196141,0.191092,0.193206
ELF,2023-02-07,0.192908,0.201908,0.189506,0.201712
ELF,2023-02-08,0.201808,0.219398,0.196826,0.202314
ELF,2023-02-09,0.202312,0.246598,0.19341,0.214821
ELF,2023-02-10,0.214019,0.234947,0.205018,0.225832
ELF,2023-02-11,0.225434,0.234921,0.220913,0.222622
ELF,2023-02-12,0.22252,0.224127,0.214917,0.217115
ELF,2023-02-13,0.217222,0.236678,0.216637,0.224921
ELF,2023-02-14,0.224724,0.233882,0.224521,0.22989
ELF,2023-02-15,0.229696,0.23664,0.224181,0.236345
ELF,2023-02-16,0.236438,0.241248,0.231176,0.231176
ELF,2023-02-17,0.23103,0.238724,0.228027,0.238724
ELF,2023-02-18,0.238736,0.243554,0.238333,0.241041
ELF,2023-02-19,0.241639,0.243036,0.239117,0.242456
ELF,2023-02-20,0.242156,0.259129,0.236669,0.251108
ELF,2023-02-21,0.25071,0.255046,0.244122,0.255046
ELF,2023-02-22,0.254246,0.276239,0.249345,0.255203
ELF,2023-02-23,0.255213,0.268443,0.2552,0.267435
ELF,2023-02-24,0.26754,0.274844,0.26415,0.268595
ELF,2023-02-25,0.2686,0.33412,0.2685,0.297321
ELF,2023-02-26,0.297218,0.298724,0.277525,0.281625
ELF,2023-02-27,0.281714,0.282611,0.267727,0.271514
ELF,2023-02-28,0.271516,0.282511,0.270911,0.279247
ELF,2023-03-01,0.279256,0.284137,0.277725,0.279736
ELF,2023-03-02,0.279739,0.3189,0.273449,0.293023
ELF,2023-03-03,0.292923,0.297589,0.274433,0.290917
ELF,2023-03-04,0.290923,0.292135,0.283114,0.28542
ELF,2023-03-05,0.28552,0.286429,0.278714,0.281534
ELF,2023-03-06,0.281634,0.2935,0.281631,0.285983
ELF,2023-03-07,0.285869,0.285994,0.269062,0.272914
ELF,2023-03-08,0.272892,0.284577,0.2725,0.278486
ELF,2023-03-09,0.278467,0.283129,0.276461,0.282525
ELF,2023-03-10,0.282425,0.297694,0.276653,0.283101
ELF,2023-03-11,0.282912,0.318785,0.2808,0.314866
ELF,2023-03-12,0.315814,0.334298,0.300487,0.313762
ELF,2023-03-13,0.314267,0.345975,0.310853,0.345573
ELF,2023-03-14,0.345068,0.37618,0.337342,0.350122
ELF,2023-03-15,0.350341,0.352188,0.305252,0.313612
ELF,2023-03-16,0.313097,0.324729,0.309652,0.31397
ELF,2023-03-17,0.314265,0.325855,0.308259,0.323367
ELF,2023-03-18,0.324034,0.325851,0.308531,0.309813
ELF,2023-03-19,0.309924,0.313738,0.303599,0.310538
ELF,2023-03-20,0.310529,0.31235,0.30232,0.303704
ELF,2023-03-21,0.303704,0.319852,0.299147,0.307578
ELF,2023-03-22,0.308882,0.319887,0.302478,0.304031
ELF,2023-03-23,0.304854,0.30929,0.299406,0.307037
ELF,2023-03-24,0.306737,0.318288,0.304359,0.308111
ELF,2023-03-25,0.307941,0.319431,0.303843,0.306797
ELF,2023-03-26,0.306697,0.307777,0.304058,0.304944
ELF,2023-03-27,0.304835,0.307395,0.294897,0.29714
ELF,2023-03-28,0.29704,0.29798,0.291608,0.296115
ELF,2023-03-29,0.296015,0.297619,0.28889,0.29655
ELF,2023-03-30,0.296689,0.303615,0.2935,0.29568
ELF,2023-03-31,0.295783,0.362825,0.294532,0.325065
ELF,2023-04-01,0.324665,0.325124,0.306735,0.309211
ELF,2023-04-02,0.309127,0.311328,0.295901,0.298585
ELF,2023-04-03,0.298585,0.30614,0.296351,0.303012
ELF,2023-04-04,0.302918,0.319493,0.302627,0.317359
ELF,2023-04-05,0.316858,0.322794,0.312128,0.314813
ELF,2023-04-06,0.314816,0.324659,0.31159,0.321813
ELF,2023-04-07,0.321816,0.336565,0.313382,0.315536
ELF,2023-04-08,0.315633,0.317907,0.310055,0.310524
ELF,2023-04-09,0.310421,0.312409,0.307781,0.312409
ELF,2023-04-10,0.312612,0.312681,0.306401,0.311455
ELF,2023-04-11,0.311555,0.316078,0.309973,0.311808
ELF,2023-04-12,0.311602,0.317211,0.306573,0.316547
ELF,2023-04-13,0.316544,0.321431,0.315733,0.320908
ELF,2023-04-14,0.320908,0.331825,0.317945,0.321163
ELF,2023-04-15,0.321166,0.323013,0.318899,0.319487
ELF,2023-04-16,0.319584,0.321764,0.317273,0.320618
ELF,2023-04-17,0.320146,0.320553,0.310677,0.312881
ELF,2023-04-18,0.313088,0.319137,0.31038,0.317157
ELF,2023-04-19,0.31706,0.318134,0.30481,0.307463
ELF,2023-04-20,0.307469,0.30762,0.301591,0.30363
ELF,2023-04-21,0.303721,0.305634,0.295967,0.29647
ELF,2023-04-22,0.296867,0.297906,0.291626,0.295427
ELF,2023-04-23,0.296227,0.299115,0.291244,0.292815
ELF,2023-04-24,0.292815,0.295397,0.284954,0.287606
ELF,2023-04-25,0.287609,0.289875,0.280025,0.288466
ELF,2023-04-26,0.289567,0.299881,0.279553,0.288601
ELF,2023-04-27,0.288192,0.295012,0.285406,0.292299
ELF,2023-04-28,0.292394,0.301997,0.289195,0.298229
ELF,2023-04-29,0.29843,0.298518,0.294103,0.295274
ELF,2023-04-30,0.295674,0.295674,0.288676,0.289765
ELF,2023-05-01,0.289762,0.291022,0.276025,0.277875
ELF,2023-05-02,0.277772,0.299471,0.27615,0.297181
ELF,2023-05-03,0.297384,0.3042,0.296939,0.303882
ELF,2023-05-04,0.303582,0.305492,0.298337,0.299408
ELF,2023-05-05,0.299608,0.306936,0.298814,0.305778
ELF,2023-05-06,0.305578,0.307004,0.29275,0.294812
ELF,2023-05-07,0.2949,0.295993,0.292191,0.293343
ELF,2023-05-08,0.293343,0.293846,0.27599,0.27701
ELF,2023-05-09,0.276905,0.28048,0.276131,0.27998
ELF,2023-05-10,0.279826,0.292334,0.278434,0.288159
ELF,2023-05-11,0.288188,0.303073,0.288159,0.292993
ELF,2023-05-12,0.292692,0.292692,0.274565,0.282926
ELF,2023-05-13,0.282826,0.28357,0.27984,0.281369
ELF,2023-05-14,0.281369,0.283742,0.279139,0.28277
ELF,2023-05-15,0.28287,0.2856,0.279668,0.284199
ELF,2023-05-16,0.284299,0.284599,0.277111,0.27954
ELF,2023-05-17,0.279312,0.282941,0.27401,0.282513
ELF,2023-05-18,0.282513,0.290845,0.277311,0.280812
ELF,2023-05-19,0.280712,0.282641,0.27862,0.281182
ELF,2023-05-20,0.281341,0.282454,0.279112,0.281553
ELF,2023-05-21,0.281653,0.284099,0.279568,0.281569
ELF,2023-05-22,0.281441,0.287672,0.28034,0.285343
ELF,2023-05-23,0.285334,0.291358,0.284771,0.290317
ELF,2023-05-24,0.290317,0.292526,0.276408,0.279683
ELF,2023-05-25,0.279586,0.282166,0.275594,0.281906
ELF,2023-05-26,0.281908,0.285611,0.280706,0.283957
ELF,2023-05-27,0.283957,0.284197,0.28179,0.284111
ELF,2023-05-28,0.284185,0.291279,0.284014,0.290967
ELF,2023-05-29,0.291016,0.294488,0.289278,0.290987
ELF,2023-05-30,0.290984,0.293294,0.289878,0.291817
ELF,2023-05-31,0.292017,0.292988,0.287363,0.289655
ELF,2023-06-01,0.289452,0.298948,0.289452,0.297283
ELF,2023-06-02,0.29738,0.302079,0.296268,0.302079
ELF,2023-06-03,0.302188,0.303791,0.300899,0.301117
ELF,2023-06-04,0.301414,0.302097,0.299887,0.302097
ELF,2023-06-05,0.301697,0.316395,0.290484,0.291585
ELF,2023-06-06,0.291487,0.295883,0.284997,0.295883
ELF,2023-06-07,0.295786,0.299875,0.292473,0.295936
ELF,2023-06-08,0.296333,0.299733,0.294197,0.298754
ELF,2023-06-09,0.298757,0.298957,0.295238,0.295941
ELF,2023-06-10,0.295847,0.29615,0.267644,0.268456
ELF,2023-06-11,0.268358,0.271046,0.264232,0.270408
ELF,2023-06-12,0.270011,0.270038,0.267151,0.268976
ELF,2023-06-13,0.269611,0.2724,0.268792,0.270765
ELF,2023-06-14,0.270573,0.271351,0.259579,0.260577
ELF,2023-06-15,0.260477,0.260673,0.252397,0.260184
ELF,2023-06-16,0.260181,0.264351,0.254174,0.262792
ELF,2023-06-17,0.262892,0.265561,0.260628,0.261593
ELF,2023-06-18,0.26169,0.262621,0.259751,0.260643
ELF,2023-06-19,0.260532,0.262035,0.256948,0.260019
ELF,2023-06-20,0.259917,0.26364,0.253711,0.262839
ELF,2023-06-21,0.262937,0.274603,0.262542,0.272414
ELF,2023-06-22,0.27323,0.279028,0.272733,0.274458
ELF,2023-06-23,0.274466,0.28079,0.272733,0.278061
ELF,2023-06-24,0.277958,0.289645,0.27676,0.28528
ELF,2023-06-25,0.285468,0.287583,0.279214,0.279689
ELF,2023-06-26,0.279876,0.280618,0.273405,0.273855
ELF,2023-06-27,0.27336,0.277353,0.272178,0.27735
ELF,2023-06-28,0.277453,0.277453,0.268948,0.2699
ELF,2023-06-29,0.270497,0.274381,0.26857,0.272962
ELF,2023-06-30,0.272965,0.27905,0.269976,0.275906
ELF,2023-07-01,0.276178,0.277964,0.272346,0.2773
ELF,2023-07-02,0.276097,0.279369,0.2734,0.274425
ELF,2023-07-03,0.274611,0.290497,0.274608,0.284109
ELF,2023-07-04,0.284123,0.285329,0.278564,0.279959
ELF,2023-07-05,0.280559,0.281811,0.273795,0.274044
ELF,2023-07-06,0.273941,0.279062,0.271295,0.272465
ELF,2023-07-07,0.273062,0.273089,0.267133,0.269805
ELF,2023-07-08,0.269922,0.272722,0.268608,0.270446
ELF,2023-07-09,0.270535,0.273338,0.269635,0.271049
ELF,2023-07-10,0.271149,0.279431,0.270424,0.276022
ELF,2023-07-11,0.276628,0.279583,0.275003,0.278303
ELF,2023-07-12,0.278853,0.282,0.277797,0.277878
ELF,2023-07-13,0.277917,0.288988,0.27557,0.286612
ELF,2023-07-14,0.288424,0.291255,0.280098,0.282839
ELF,2023-07-15,0.282149,0.288186,0.281349,0.286886
ELF,2023-07-16,0.286883,0.300684,0.286237,0.287332
ELF,2023-07-17,0.287132,0.294435,0.281362,0.284751
ELF,2023-07-18,0.284848,0.288738,0.280511,0.282462
ELF,2023-07-19,0.282562,0.285666,0.281008,0.281897
ELF,2023-07-20,0.281897,0.286717,0.280183,0.281175
ELF,2023-07-21,0.281397,0.282497,0.279492,0.279906
ELF,2023-07-22,0.279806,0.2832,0.279803,0.280828
ELF,2023-07-23,0.280831,0.287194,0.279242,0.285791
ELF,2023-07-24,0.285794,0.3068,0.285591,0.290465
ELF,2023-07-25,0.290468,0.292465,0.281158,0.28288
ELF,2023-07-26,0.282877,0.28358,0.27765,0.280411
ELF,2023-07-27,0.280411,0.281303,0.275928,0.276725
ELF,2023-07-28,0.276525,0.279105,0.275626,0.278194
ELF,2023-07-29,0.278194,0.281392,0.277897,0.2813
ELF,2023-07-30,0.2814,0.284406,0.2791,0.280075
ELF,2023-07-31,0.280075,0.283138,0.279478,0.280252
ELF,2023-08-01,0.280372,0.282269,0.276936,0.279857
ELF,2023-08-02,0.279957,0.282556,0.275637,0.277042
ELF,2023-08-03,0.277042,0.289745,0.276839,0.287467
ELF,2023-08-04,0.287067,0.287167,0.28073,0.281917
ELF,2023-08-05,0.282117,0.283116,0.279318,0.280291
ELF,2023-08-06,0.280756,0.28342,0.278039,0.27855
ELF,2023-08-07,0.278981,0.280996,0.273124,0.280272
ELF,2023-08-08,0.280072,0.286531,0.27892,0.285057
ELF,2023-08-09,0.285157,0.291657,0.282307,0.285451
ELF,2023-08-10,0.285451,0.293906,0.285089,0.29239
ELF,2023-08-11,0.292786,0.293165,0.287843,0.288283
ELF,2023-08-12,0.288283,0.297232,0.287983,0.293333
ELF,2023-08-13,0.293433,0.294491,0.291796,0.292472
ELF,2023-08-14,0.292469,0.293621,0.288637,0.292563
ELF,2023-08-15,0.293063,0.301265,0.29133,0.301065
ELF,2023-08-16,0.301168,0.310905,0.296068,0.304658
ELF,2023-08-17,0.305857,0.308139,0.269657,0.270384
ELF,2023-08-18,0.271188,0.280213,0.270257,0.278275
ELF,2023-08-19,0.278461,0.282721,0.278103,0.279627
ELF,2023-08-20,0.279627,0.282077,0.277669,0.279686
ELF,2023-08-21,0.279786,0.28018,0.274693,0.277958
ELF,2023-08-22,0.277658,0.305553,0.277236,0.302697
ELF,2023-08-23,0.302897,0.308067,0.297078,0.305842
ELF,2023-08-24,0.305939,0.307838,0.296437,0.296948
ELF,2023-08-25,0.296849,0.298139,0.285643,0.288041
ELF,2023-08-26,0.287947,0.290675,0.286499,0.288541
ELF,2023-08-27,0.288441,0.290743,0.288044,0.289864
ELF,2023-08-28,0.290061,0.30502,0.289483,0.302043
ELF,2023-08-29,0.302243,0.310241,0.297568,0.306258
ELF,2023-08-30,0.306255,0.323781,0.305373,0.3209
ELF,2023-08-31,0.3211,0.334446,0.302249,0.303261
ELF,2023-09-01,0.303261,0.305805,0.297414,0.303342
ELF,2023-09-02,0.303345,0.321368,0.301973,0.320365
ELF,2023-09-03,0.320065,0.320971,0.306751,0.308245
ELF,2023-09-04,0.308644,0.314196,0.302876,0.304115
ELF,2023-09-05,0.304015,0.308143,0.302358,0.30605
ELF,2023-09-06,0.30605,0.308024,0.303094,0.306813
ELF,2023-09-07,0.306516,0.322236,0.306453,0.321636
ELF,2023-09-08,0.321549,0.322977,0.317847,0.320855
ELF,2023-09-09,0.320555,0.320871,0.315399,0.316902
ELF,2023-09-10,0.317098,0.33447,0.31528,0.331874
ELF,2023-09-11,0.331474,0.337499,0.322793,0.326396
ELF,2023-09-12,0.326882,0.361549,0.325892,0.348872
ELF,2023-09-13,0.348769,0.374048,0.344069,0.370974
ELF,2023-09-14,0.371174,0.374778,0.35926,0.364202
ELF,2023-09-15,0.364502,0.366962,0.349907,0.355489
ELF,2023-09-16,0.355389,0.359893,0.351739,0.353535
ELF,2023-09-17,0.353832,0.399292,0.352146,0.388993
ELF,2023-09-18,0.387493,0.402968,0.366951,0.371167
ELF,2023-09-19,0.371259,0.384169,0.36697,0.380853
ELF,2023-09-20,0.380453,0.381353,0.357021,0.366022
ELF,2023-09-21,0.366022,0.385304,0.364718,0.376785
ELF,2023-09-22,0.376789,0.379096,0.370867,0.373974
ELF,2023-09-23,0.374078,0.385,0.3659,0.369926
ELF,2023-09-24,0.369526,0.40932,0.363529,0.370715
ELF,2023-09-25,0.371419,0.372434,0.359392,0.370681
ELF,2023-09-26,0.370681,0.375277,0.361741,0.362344
ELF,2023-09-27,0.361944,0.370304,0.359652,0.363131
ELF,2023-09-28,0.363231,0.370693,0.362442,0.368893
ELF,2023-09-29,0.368493,0.372393,0.362827,0.36556
ELF,2023-09-30,0.36546,0.366563,0.360769,0.361169
ELF,2023-10-01,0.361272,0.362229,0.357029,0.36074
ELF,2023-10-02,0.36074,0.365607,0.354503,0.354503
ELF,2023-10-03,0.354685,0.354692,0.343507,0.343686
ELF,2023-10-04,0.34142,0.350521,0.340841,0.347707
ELF,2023-10-05,0.347017,0.349514,0.341465,0.343196
ELF,2023-10-06,0.343093,0.344638,0.338604,0.344541
ELF,2023-10-07,0.344041,0.3448,0.339066,0.340694
ELF,2023-10-08,0.340594,0.341305,0.337706,0.340794
ELF,2023-10-09,0.340694,0.345266,0.329592,0.332466
ELF,2023-10-10,0.33267,0.334854,0.330736,0.331937
ELF,2023-10-11,0.331733,0.340254,0.330269,0.335433
ELF,2023-10-12,0.335306,0.336906,0.331174,0.332274
ELF,2023-10-13,0.332277,0.337095,0.331071,0.336823
ELF,2023-10-14,0.336826,0.337553,0.333173,0.333677
ELF,2023-10-15,0.33368,0.335697,0.332373,0.335013
ELF,2023-10-16,0.335013,0.363969,0.333737,0.357647
ELF,2023-10-17,0.357346,0.359054,0.34372,0.345028
ELF,2023-10-18,0.344527,0.347049,0.336461,0.336477
ELF,2023-10-19,0.337381,0.339756,0.331876,0.338232
ELF,2023-10-20,0.339036,0.348809,0.337649,0.348346
ELF,2023-10-21,0.348067,0.350484,0.343837,0.347974
ELF,2023-10-22,0.347874,0.348753,0.343824,0.344514
ELF,2023-10-23,0.344591,0.358336,0.344386,0.357686
ELF,2023-10-24,0.357586,0.371982,0.353886,0.359657
ELF,2023-10-25,0.359257,0.367229,0.356936,0.360483
ELF,2023-10-26,0.360483,0.366273,0.350086,0.353904
ELF,2023-10-27,0.354004,0.363536,0.352167,0.360979
ELF,2023-10-28,0.361083,0.363322,0.357668,0.362658
ELF,2023-10-29,0.362762,0.368129,0.358068,0.367829
ELF,2023-10-30,0.367725,0.369337,0.361587,0.368221
ELF,2023-10-31,0.368225,0.369048,0.355603,0.360351
ELF,2023-11-01,0.360551,0.364882,0.352581,0.363012
ELF,2023-11-02,0.362912,0.36619,0.354867,0.360947
ELF,2023-11-03,0.360443,0.380068,0.356143,0.363342
ELF,2023-11-04,0.363345,0.36596,0.360073,0.365916
ELF,2023-11-05,0.365901,0.368046,0.361396,0.364391
ELF,2023-11-06,0.364692,0.369388,0.362253,0.365602
ELF,2023-11-07,0.365599,0.370333,0.360826,0.365968
ELF,2023-11-08,0.366068,0.373971,0.364064,0.373286
ELF,2023-11-09,0.373382,0.388251,0.368441,0.377772
ELF,2023-11-10,0.377472,0.386635,0.372156,0.380998
ELF,2023-11-11,0.381098,0.383495,0.375117,0.378895
ELF,2023-11-12,0.379299,0.381088,0.373808,0.378851
ELF,2023-11-13,0.378755,0.394775,0.376526,0.39251
ELF,2023-11-14,0.39261,0.421405,0.385881,0.402352
ELF,2023-11-15,0.403681,0.471727,0.403256,0.454718
ELF,2023-11-16,0.455041,0.469944,0.434404,0.441549
ELF,2023-11-17,0.441349,0.476976,0.437757,0.472861
ELF,2023-11-18,0.472761,0.512566,0.469202,0.51055
ELF,2023-11-19,0.51085,0.600276,0.48399,0.543639
ELF,2023-11-20,0.54584,0.608992,0.538385,0.572094
ELF,2023-11-21,0.571894,0.593215,0.453577,0.453972
ELF,2023-11-22,0.453777,0.470469,0.438614,0.46895
ELF,2023-11-23,0.468941,0.470837,0.44839,0.453063
ELF,2023-11-24,0.452963,0.45686,0.446494,0.453858
ELF,2023-11-25,0.453658,0.45465,0.446512,0.450165
ELF,2023-11-26,0.450065,0.452167,0.443068,0.44807
ELF,2023-11-27,0.44807,0.450095,0.424792,0.428809
ELF,2023-11-28,0.429309,0.453135,0.421125,0.450761
ELF,2023-11-29,0.450661,0.525473,0.447115,0.50046
ELF,2023-11-30,0.502165,0.542065,0.466393,0.522457
ELF,2023-12-01,0.521489,0.557406,0.491093,0.532013
ELF,2023-12-02,0.532107,0.554472,0.471017,0.472517
ELF,2023-12-03,0.472717,0.490186,0.468455,0.482569
ELF,2023-12-04,0.482769,0.488556,0.460815,0.466123
ELF,2023-12-05,0.465623,0.650959,0.465419,0.628969
ELF,2023-12-06,0.629676,0.669234,0.572891,0.615768
ELF,2023-12-07,0.570963,0.60002,0.549866,0.568599
ELF,2023-12-08,0.568705,0.598469,0.563958,0.597497
ELF,2023-12-09,0.597497,0.625419,0.57639,0.618161
ELF,2023-12-10,0.618167,0.660459,0.612959,0.623519
ELF,2023-12-11,0.623444,0.665347,0.608952,0.660996
ELF,2023-12-12,0.661989,0.750962,0.659696,0.750962
ELF,2023-12-13,0.74987,0.852117,0.733302,0.847695
ELF,2023-12-14,0.849261,0.924213,0.804272,0.845835
ELF,2023-12-15,0.846244,0.862166,0.77364,0.814173
ELF,2023-12-16,0.813381,0.882065,0.784853,0.808453
ELF,2023-12-17,0.673561,0.775792,0.669864,0.760516
ELF,2023-12-18,0.759709,0.772714,0.690771,0.768769
ELF,2023-12-19,0.769077,0.808487,0.724588,0.787598
ELF,2023-12-20,0.786706,0.82298,0.761971,0.813133
ELF,2023-12-21,0.813024,0.819133,0.783937,0.815355
ELF,2023-12-22,0.815255,0.840069,0.769792,0.810448
ELF,2023-12-23,0.810748,1.05947,0.779024,0.94097
ELF,2023-12-24,0.94097,1.16534,0.670429,0.706866
ELF,2023-12-25,0.709861,0.732617,0.683603,0.694953
ELF,2023-12-26,0.694146,0.702862,0.62783,0.639136
ELF,2023-12-27,0.639236,0.639949,0.605388,0.61368
ELF,2023-12-28,0.613731,0.640974,0.600428,0.621667
ELF,2023-12-29,0.621467,0.63134,0.606103,0.607215
ELF,2023-12-30,0.606927,0.62275,0.560189,0.596182
ELF,2023-12-31,0.595882,0.601448,0.576702,0.577456
ELF,2024-01-01,0.577456,0.590006,0.567738,0.584111
ELF,2024-01-02,0.584011,0.620236,0.584011,0.591525
ELF,2024-01-03,0.590618,0.604493,0.527037,0.535998
ELF,2024-01-04,0.536109,0.543361,0.527822,0.536638
ELF,2024-01-05,0.536632,0.561521,0.52237,0.558141
ELF,2024-01-06,0.558241,0.609099,0.547832,0.576346
ELF,2024-01-07,0.576446,0.583727,0.528538,0.529939
ELF,2024-01-08,0.528833,0.550089,0.484881,0.549889
ELF,2024-01-09,0.549589,0.580206,0.542087,0.552971
ELF,2024-01-10,0.551771,0.566208,0.524542,0.563041
ELF,2024-01-11,0.563141,0.575763,0.549368,0.560034
ELF,2024-01-12,0.559834,0.567625,0.532492,0.547638
ELF,2024-01-13,0.54766,0.574856,0.546961,0.567264
ELF,2024-01-14,0.567164,0.580493,0.557199,0.575624
ELF,2024-01-15,0.575823,0.585484,0.564523,0.582863
ELF,2024-01-16,0.582863,0.601767,0.575318,0.592811
ELF,2024-01-17,0.592705,0.597009,0.57778,0.580419
ELF,2024-01-18,0.580019,0.613924,0.554589,0.584109
ELF,2024-01-19,0.584209,0.584309,0.551437,0.557947
ELF,2024-01-20,0.557947,0.596157,0.557298,0.567035
ELF,2024-01-21,0.567135,0.584737,0.556882,0.583938
ELF,2024-01-22,0.583891,0.585319,0.551482,0.572687
ELF,2024-01-23,0.573086,0.584968,0.533489,0.560101
ELF,2024-01-24,0.560101,0.566735,0.554067,0.55791
ELF,2024-01-25,0.557904,0.593873,0.551307,0.577188
ELF,2024-01-26,0.576788,0.583931,0.568253,0.579278
ELF,2024-01-27,0.579278,0.603622,0.575279,0.601194
ELF,2024-01-28,0.6009,0.603294,0.582459,0.582907
ELF,2024-01-29,0.583013,0.5892,0.571823,0.5865
ELF,2024-01-30,0.586406,0.587865,0.574289,0.574489
ELF,2024-01-31,0.574394,0.592116,0.556033,0.558087
ELF,2024-02-01,0.558087,0.55897,0.537562,0.545942
ELF,2024-02-02,0.546247,0.580116,0.543112,0.574495
ELF,2024-02-03,0.574595,0.579322,0.557194,0.55821
ELF,2024-02-04,0.55861,0.564178,0.548513,0.563558
ELF,2024-02-05,0.563663,0.578121,0.561242,0.573448
ELF,2024-02-06,0.573548,0.59483,0.564833,0.588018
ELF,2024-02-07,0.588518,0.589911,0.571354,0.581084
ELF,2024-02-08,0.581484,0.589024,0.573451,0.588824
ELF,2024-02-09,0.588924,0.605976,0.588106,0.600748
ELF,2024-02-10,0.600754,0.602619,0.591579,0.595573
ELF,2024-02-11,0.595573,0.613027,0.593472,0.602075
ELF,2024-02-12,0.602175,0.609772,0.593118,0.607767
ELF,2024-02-13,0.608261,0.610293,0.585859,0.594732
ELF,2024-02-14,0.594438,0.617417,0.590472,0.615572
ELF,2024-02-15,0.616079,0.618538,0.603124,0.607728
ELF,2024-02-16,0.607728,0.62026,0.606157,0.612271
ELF,2024-02-17,0.612371,0.652548,0.611942,0.642141
ELF,2024-02-18,0.641748,0.644793,0.622124,0.63197
ELF,2024-02-19,0.631695,0.643619,0.622862,0.642654
ELF,2024-02-20,0.642854,0.682793,0.628738,0.665426
ELF,2024-02-21,0.665733,0.679649,0.622681,0.6356
ELF,2024-02-22,0.6354,0.639958,0.621206,0.637296
ELF,2024-02-23,0.637889,0.642633,0.62675,0.630212
ELF,2024-02-24,0.630212,0.630287,0.620245,0.6246
ELF,2024-02-25,0.6251,0.64101,0.6243,0.640568
ELF,2024-02-26,0.640674,0.66331,0.631538,0.659522
ELF,2024-02-27,0.659555,0.671177,0.641477,0.645558
ELF,2024-02-28,0.645658,0.661633,0.628658,0.639547
ELF,2024-02-29,0.639047,0.663673,0.635867,0.642479
ELF,2024-03-01,0.64195,0.673866,0.64195,0.673025
ELF,2024-03-02,0.672911,0.685437,0.664209,0.685271
ELF,2024-03-03,0.686065,0.74021,0.670964,0.717516
ELF,2024-03-04,0.719324,0.727342,0.694989,0.706076
ELF,2024-03-05,0.707384,0.715593,0.623854,0.636039
ELF,2024-03-06,0.635945,0.664232,0.622166,0.660963
ELF,2024-03-07,0.66093,0.673388,0.648431,0.672467
ELF,2024-03-08,0.672173,0.686132,0.65597,0.67808
ELF,2024-03-09,0.677378,0.686133,0.671013,0.680625
ELF,2024-03-10,0.680117,0.684086,0.665027,0.669576
ELF,2024-03-11,0.668728,0.696667,0.654773,0.696439
ELF,2024-03-12,0.695439,0.700126,0.658746,0.691848
ELF,2024-03-13,0.691548,0.715035,0.684965,0.711627
ELF,2024-03-14,0.711556,0.714857,0.656063,0.679055
ELF,2024-03-15,0.679455,0.690393,0.618836,0.636438
ELF,2024-03-16,0.635557,0.645465,0.600074,0.601845
ELF,2024-03-17,0.602862,0.613362,0.576237,0.60987
ELF,2024-03-18,0.60987,0.613503,0.586818,0.596064
ELF,2024-03-19,0.596164,0.59974,0.554917,0.556876
ELF,2024-03-20,0.556804,0.619328,0.54717,0.6076
ELF,2024-03-21,0.609203,0.610644,0.597016,0.605761
ELF,2024-03-22,0.605055,0.66976,0.594575,0.629338
ELF,2024-03-23,0.629238,0.634306,0.606139,0.6235
ELF,2024-03-24,0.622694,0.6272,0.606264,0.626762
ELF,2024-03-25,0.626462,0.643886,0.620992,0.642896
ELF,2024-03-26,0.642996,0.662626,0.639628,0.652207
ELF,2024-03-27,0.652913,0.68599,0.631477,0.63807
ELF,2024-03-28,0.638057,0.668827,0.62663,0.663139
ELF,2024-03-29,0.662139,0.680854,0.650058,0.656515
ELF,2024-03-30,0.657115,0.674832,0.647111,0.648553
ELF,2024-03-31,0.648953,0.653222,0.643577,0.644477
ELF,2024-04-01,0.644577,0.651346,0.609112,0.623937
ELF,2024-04-02,0.623937,0.625619,0.568984,0.583233
ELF,2024-04-03,0.583233,0.591172,0.568614,0.582969
ELF,2024-04-04,0.582569,0.608816,0.578204,0.593842
ELF,2024-04-05,0.594243,0.603966,0.578816,0.594402
ELF,2024-04-06,0.594784,0.610253,0.587458,0.609352
ELF,2024-04-07,0.609452,0.632125,0.60827,0.626256
ELF,2024-04-08,0.626956,0.647642,0.621994,0.644868
ELF,2024-04-09,0.644761,0.657134,0.621426,0.626512
ELF,2024-04-10,0.626112,0.634253,0.598747,0.621181
ELF,2024-04-11,0.621081,0.636655,0.621081,0.632944
ELF,2024-04-12,0.632551,0.672365,0.580951,0.596479
ELF,2024-04-13,0.597279,0.616823,0.498553,0.515317
ELF,2024-04-14,0.515117,0.570285,0.49963,0.551765
ELF,2024-04-15,0.552266,0.594535,0.545178,0.557395
ELF,2024-04-16,0.557895,0.568014,0.530786,0.566413
ELF,2024-04-17,0.566413,0.56858,0.535495,0.54784
ELF,2024-04-18,0.54784,0.560859,0.541368,0.557767
ELF,2024-04-19,0.557567,0.572721,0.550661,0.565175
ELF,2024-04-20,0.564886,0.579903,0.554805,0.578473
ELF,2024-04-21,0.578373,0.584817,0.567625,0.575498
ELF,2024-04-22,0.573798,0.590801,0.56988,0.58527
ELF,2024-04-23,0.58497,0.604094,0.577437,0.603788
ELF,2024-04-24,0.603788,0.610876,0.577574,0.580765
ELF,2024-04-25,0.580765,0.634207,0.556172,0.595454
ELF,2024-04-26,0.595354,0.61573,0.573613,0.612445
ELF,2024-04-27,0.611716,0.669133,0.604716,0.624338
ELF,2024-04-28,0.626336,0.661071,0.602776,0.633819
ELF,2024-04-29,0.6353,0.6353,0.576842,0.5796
ELF,2024-04-30,0.579126,0.67507,0.532769,0.546783
ELF,2024-05-01,0.547487,0.553491,0.494221,0.521017
ELF,2024-05-02,0.520219,0.586155,0.518542,0.553328
ELF,2024-05-03,0.552722,0.558446,0.527847,0.557334
ELF,2024-05-04,0.55764,0.567957,0.545815,0.565451
ELF,2024-05-05,0.565251,0.565457,0.548366,0.558861
ELF,2024-05-06,0.558561,0.5707,0.546216,0.555211
ELF,2024-05-07,0.554106,0.563506,0.544273,0.548384
ELF,2024-05-08,0.548284,0.558306,0.53211,0.541732
ELF,2024-05-09,0.541732,0.549018,0.527878,0.547212
ELF,2024-05-10,0.547112,0.553228,0.524759,0.526442
ELF,2024-05-11,0.526042,0.538533,0.524543,0.531483
ELF,2024-05-12,0.532083,0.541983,0.525111,0.531971
ELF,2024-05-13,0.532271,0.533239,0.504364,0.518543
ELF,2024-05-14,0.518543,0.547471,0.499035,0.50002
ELF,2024-05-15,0.49992,0.526394,0.496102,0.523509
ELF,2024-05-16,0.523509,0.5281,0.509548,0.519247
ELF,2024-05-17,0.518447,0.530823,0.513731,0.526984
ELF,2024-05-18,0.526479,0.5284,0.523394,0.524789
ELF,2024-05-19,0.524689,0.565751,0.524389,0.526663
ELF,2024-05-20,0.526568,0.541827,0.515095,0.539605
ELF,2024-05-21,0.540105,0.546548,0.532824,0.534556
ELF,2024-05-22,0.533961,0.546202,0.530242,0.533176
ELF,2024-05-23,0.533171,0.53367,0.51334,0.522066
ELF,2024-05-24,0.521766,0.525547,0.512157,0.523942
ELF,2024-05-25,0.523937,0.525353,0.520827,0.522895
ELF,2024-05-26,0.52249,0.524432,0.517784,0.519355
ELF,2024-05-27,0.519902,0.529612,0.517446,0.525663
ELF,2024-05-28,0.525863,0.526478,0.51598,0.521611
ELF,2024-05-29,0.520612,0.528834,0.518338,0.520027
ELF,2024-05-30,0.520522,0.522867,0.509146,0.510821
ELF,2024-05-31,0.510521,0.513382,0.507289,0.510392
ELF,2024-06-01,0.510287,0.510587,0.507274,0.508047
ELF,2024-06-02,0.508247,0.508996,0.501499,0.502733
ELF,2024-06-03,0.502933,0.505402,0.480457,0.483023
ELF,2024-06-04,0.482418,0.48621,0.4755,0.4839
ELF,2024-06-05,0.4843,0.488605,0.480776,0.487449
ELF,2024-06-06,0.487544,0.489105,0.479832,0.482845
ELF,2024-06-07,0.483045,0.489323,0.462866,0.465818
ELF,2024-06-08,0.465923,0.468017,0.457745,0.45835
ELF,2024-06-09,0.458145,0.464258,0.45235,0.461131
ELF,2024-06-10,0.461146,0.46214,0.442241,0.44558
ELF,2024-06-11,0.445675,0.448485,0.416887,0.421611
ELF,2024-06-12,0.421611,0.460554,0.419166,0.435956
ELF,2024-06-13,0.435956,0.504059,0.431262,0.463015
ELF,2024-06-14,0.463015,0.466908,0.415646,0.426201
ELF,2024-06-15,0.426401,0.44356,0.408351,0.412365
ELF,2024-06-16,0.412365,0.421726,0.39362,0.393885
ELF,2024-06-17,0.394084,0.398225,0.344989,0.353537
ELF,2024-06-18,0.353534,0.489643,0.349867,0.404977
ELF,2024-06-19,0.405077,0.412526,0.365868,0.384246
ELF,2024-06-20,0.383846,0.401843,0.368549,0.371536
ELF,2024-06-21,0.371532,0.439836,0.371233,0.383962
ELF,2024-06-22,0.384062,0.388302,0.367572,0.37525
ELF,2024-06-23,0.375112,0.387133,0.36467,0.369041
ELF,2024-06-24,0.370144,0.375729,0.344683,0.357039
ELF,2024-06-25,0.357039,0.367471,0.355587,0.366134
ELF,2024-06-26,0.36573,0.371122,0.351894,0.359555
ELF,2024-06-27,0.359123,0.37865,0.347432,0.358819
ELF,2024-06-28,0.358726,0.364571,0.353527,0.354693
ELF,2024-06-29,0.354194,0.358207,0.349808,0.350004
ELF,2024-06-30,0.3501,0.357217,0.343598,0.350652
ELF,2024-07-01,0.350652,0.357092,0.349294,0.354007
ELF,2024-07-02,0.354007,0.354007,0.344073,0.347743
ELF,2024-07-03,0.347743,0.357235,0.33036,0.353707
ELF,2024-07-04,0.354506,0.355006,0.315441,0.337011
ELF,2024-07-05,0.337111,0.344583,0.29141,0.312819
ELF,2024-07-06,0.312725,0.376849,0.310037,0.363711
ELF,2024-07-07,0.363811,0.372955,0.341732,0.344762
ELF,2024-07-08,0.344766,0.458977,0.338863,0.417362
ELF,2024-07-09,0.417362,0.419741,0.388553,0.395792
ELF,2024-07-10,0.396092,0.414896,0.392296,0.397768
ELF,2024-07-11,0.397768,0.406463,0.377508,0.378489
ELF,2024-07-12,0.378292,0.402688,0.367904,0.378572
ELF,2024-07-13,0.378472,0.385869,0.375649,0.383465
ELF,2024-07-14,0.383815,0.389105,0.377794,0.387439
ELF,2024-07-15,0.387443,0.419526,0.383642,0.4001
ELF,2024-07-16,0.3999,0.412702,0.385212,0.4003
ELF,2024-07-17,0.4001,0.423603,0.396903,0.406037
ELF,2024-07-18,0.406037,0.414,0.390369,0.395421
ELF,2024-07-19,0.395417,0.406003,0.389295,0.40507
ELF,2024-07-20,0.40507,0.418355,0.400876,0.408071
ELF,2024-07-21,0.408071,0.418921,0.398912,0.411586
ELF,2024-07-22,0.411486,0.415225,0.395808,0.39932
ELF,2024-07-23,0.39932,0.406722,0.387531,0.390547
ELF,2024-07-24,0.390747,0.400148,0.388596,0.391929
ELF,2024-07-25,0.391629,0.395129,0.374384,0.385688
ELF,2024-07-26,0.3856,0.396688,0.381486,0.3964
ELF,2024-07-27,0.3962,0.400992,0.390443,0.400288
ELF,2024-07-28,0.40034,0.400968,0.390392,0.392361
ELF,2024-07-29,0.392461,0.399024,0.391714,0.394857
ELF,2024-07-30,0.394957,0.395621,0.379986,0.384081
ELF,2024-07-31,0.383677,0.385088,0.375065,0.378256
ELF,2024-08-01,0.377664,0.394266,0.354277,0.366699
ELF,2024-08-02,0.366606,0.488409,0.351908,0.440293
ELF,2024-08-03,0.439894,0.478155,0.393389,0.405344
ELF,2024-08-04,0.405245,0.43234,0.356093,0.371489
ELF,2024-08-05,0.371292,0.388249,0.290435,0.329263
ELF,2024-08-06,0.329263,0.389948,0.329146,0.353634
ELF,2024-08-07,0.353538,0.381204,0.350043,0.361336
ELF,2024-08-08,0.361236,0.383815,0.359,0.383815
ELF,2024-08-09,0.383815,0.460387,0.383115,0.406426
ELF,2024-08-10,0.405826,0.420176,0.396515,0.399476
ELF,2024-08-11,0.4,0.460624,0.395451,0.414741
ELF,2024-08-12,0.414741,0.462851,0.408974,0.419342
ELF,2024-08-13,0.419046,0.434074,0.395799,0.410149
ELF,2024-08-14,0.410649,0.430929,0.387224,0.390431
ELF,2024-08-15,0.390435,0.400076,0.378949,0.380172
ELF,2024-08-16,0.380168,0.386966,0.371582,0.382107
ELF,2024-08-17,0.382267,0.396995,0.377442,0.383334
ELF,2024-08-18,0.3839,0.388566,0.377234,0.385677
ELF,2024-08-19,0.385977,0.397036,0.376798,0.386285
ELF,2024-08-20,0.385785,0.394193,0.384411,0.388304
ELF,2024-08-21,0.388204,0.39878,0.385215,0.397436
ELF,2024-08-22,0.397299,0.409174,0.391871,0.40192
ELF,2024-08-23,0.40192,0.422859,0.399828,0.421933
ELF,2024-08-24,0.421633,0.4282,0.416137,0.416546
ELF,2024-08-25,0.41665,0.428829,0.404542,0.413245
ELF,2024-08-26,0.413345,0.415145,0.395779,0.397972
ELF,2024-08-27,0.397972,0.406069,0.386069,0.387
ELF,2024-08-28,0.3871,0.3969,0.385,0.390335
ELF,2024-08-29,0.390335,0.396687,0.386443,0.388696
ELF,2024-08-30,0.388492,0.394239,0.374325,0.38305
ELF,2024-08-31,0.383046,0.386346,0.375281,0.377528
ELF,2024-09-01,0.377938,0.387922,0.365634,0.371433
ELF,2024-09-02,0.371233,0.378539,0.359057,0.375836
ELF,2024-09-03,0.37584,0.380473,0.359778,0.364294
ELF,2024-09-04,0.364327,0.372899,0.345507,0.363456
ELF,2024-09-05,0.36346,0.367717,0.348937,0.353073
ELF,2024-09-06,0.352973,0.35866,0.339523,0.34532
ELF,2024-09-07,0.34532,0.353965,0.343287,0.349565
ELF,2024-09-08,0.349465,0.357968,0.348058,0.357464
ELF,2024-09-09,0.357743,0.369682,0.356886,0.366866
ELF,2024-09-10,0.366966,0.374859,0.359986,0.370874
ELF,2024-09-11,0.370874,0.373815,0.363767,0.368533
ELF,2024-09-12,0.368633,0.3752,0.367829,0.37227
ELF,2024-09-13,0.372366,0.37939,0.369185,0.378551
ELF,2024-09-14,0.378551,0.380524,0.371667,0.374467
ELF,2024-09-15,0.374167,0.378771,0.368148,0.368604
ELF,2024-09-16,0.368504,0.368504,0.348495,0.350433
ELF,2024-09-17,0.35053,0.362864,0.35043,0.359132
ELF,2024-09-18,0.359232,0.35934,0.349269,0.355214
ELF,2024-09-19,0.355114,0.3704,0.354418,0.369637
ELF,2024-09-20,0.369737,0.387027,0.368848,0.377934
ELF,2024-09-21,0.377934,0.428439,0.377934,0.40104
ELF,2024-09-22,0.40094,0.412233,0.384596,0.3861
ELF,2024-09-23,0.3855,0.397356,0.383927,0.39378
ELF,2024-09-24,0.39378,0.399976,0.39043,0.39938
ELF,2024-09-25,0.3995,0.405547,0.390573,0.397332
ELF,2024-09-26,0.397336,0.413788,0.392882,0.40414
ELF,2024-09-27,0.40424,0.408857,0.400424,0.406073
ELF,2024-09-28,0.406173,0.409165,0.397456,0.401644
ELF,2024-09-29,0.40172,0.415242,0.397443,0.411135
ELF,2024-09-30,0.410718,0.429583,0.399164,0.399872
ELF,2024-10-01,0.400076,0.415738,0.374099,0.379101
ELF,2024-10-02,0.379601,0.380316,0.363675,0.365305
ELF,2024-10-03,0.365001,0.366745,0.355343,0.358657
ELF,2024-10-04,0.358657,0.368696,0.357143,0.368693
ELF,2024-10-05,0.368693,0.373778,0.367893,0.370541
ELF,2024-10-06,0.370741,0.379924,0.370541,0.378236
ELF,2024-10-07,0.378336,0.382639,0.372385,0.377483
ELF,2024-10-08,0.376987,0.378594,0.370352,0.37433
ELF,2024-10-09,0.374488,0.377336,0.366766,0.368875
ELF,2024-10-10,0.369175,0.371691,0.359617,0.362708
ELF,2024-10-11,0.363107,0.376151,0.361742,0.375551
ELF,2024-10-12,0.375951,0.384435,0.374961,0.378786
ELF,2024-10-13,0.378686,0.381178,0.372014,0.377845
ELF,2024-10-14,0.377938,0.397737,0.375712,0.389138
ELF,2024-10-15,0.389142,0.394462,0.372803,0.379405
ELF,2024-10-16,0.379301,0.386868,0.378117,0.385219
ELF,2024-10-17,0.385427,0.386919,0.374324,0.378068
ELF,2024-10-18,0.377913,0.384158,0.377064,0.38265
ELF,2024-10-19,0.38285,0.390153,0.381154,0.384911
ELF,2024-10-20,0.384811,0.39257,0.383108,0.39237
ELF,2024-10-21,0.392718,0.39507,0.376732,0.379141
ELF,2024-10-22,0.378741,0.380971,0.369841,0.373335
ELF,2024-10-23,0.373331,0.375937,0.359703,0.365312
ELF,2024-10-24,0.365312,0.369438,0.359929,0.368975
ELF,2024-10-25,0.369152,0.369275,0.353738,0.356457
ELF,2024-10-26,0.356557,0.356561,0.345632,0.349242
ELF,2024-10-27,0.349442,0.355844,0.349338,0.35431
ELF,2024-10-28,0.354845,0.357749,0.348401,0.35755
ELF,2024-10-29,0.357649,0.365409,0.356061,0.361384
ELF,2024-10-30,0.361388,0.363987,0.358989,0.360581
ELF,2024-10-31,0.360884,0.361973,0.347569,0.348643
ELF,2024-11-01,0.348643,0.366993,0.347956,0.349359
ELF,2024-11-02,0.349459,0.352888,0.342294,0.342301
ELF,2024-11-03,0.342804,0.34339,0.330787,0.33397
ELF,2024-11-04,0.333866,0.336488,0.317571,0.322948
ELF,2024-11-05,0.322971,0.335633,0.321891,0.33116
ELF,2024-11-06,0.33106,0.351811,0.330764,0.351811
ELF,2024-11-07,0.351811,0.359964,0.348767,0.357679
ELF,2024-11-08,0.357579,0.359623,0.35114,0.356131
ELF,2024-11-09,0.356131,0.361277,0.353012,0.361208
ELF,2024-11-10,0.361405,0.383926,0.361405,0.377711
ELF,2024-11-11,0.377708,0.386857,0.368176,0.38604
ELF,2024-11-12,0.386248,0.408704,0.370433,0.390254
ELF,2024-11-13,0.390053,0.449539,0.364595,0.373885
ELF,2024-11-14,0.374115,0.381391,0.361501,0.366544
ELF,2024-11-15,0.366466,0.379825,0.358972,0.37951
ELF,2024-11-16,0.379514,0.403561,0.37814,0.400136
ELF,2024-11-17,0.40014,0.406642,0.380096,0.381815
ELF,2024-11-18,0.382015,0.405743,0.381011,0.402862
ELF,2024-11-19,0.402766,0.430415,0.399684,0.411618
ELF,2024-11-20,0.411117,0.427437,0.395203,0.417688
ELF,2024-11-21,0.417684,0.42692,0.401925,0.420095
